hit,lib,member,symbol,size,vram,foff
1.000,LIBSPU.LIB,S_INI,_spu_zerobuf,372,800186e4,00008ee4
1.000,LIBSPU.LIB,S_INI,_spu_keystat,124,800187d8,00008fd8
1.000,LIBSPU.LIB,SPU,_spu_FsetRXXa,2988,80018858,00009058
1.000,LIBSPU.LIB,SPU,_spu_IRQCallback,460,80018ae8,000092e8
1.000,LIBSPU.LIB,SPU,_spu_RXX,208,80018cb4,000094b4
1.000,LIBSPU.LIB,SPU,_spu_inTransfer,188,80018d84,00009584
1.000,LIBSPU.LIB,SPU,_spu_addrMode,656,80018e40,00009640
1.000,LIBSPU.LIB,SPU,_spu_write,136,800190d0,000098d0
1.000,LIBSPU.LIB,SPU,_spu_mem_mode,104,80019158,00009958
1.000,LIBSPU.LIB,SPU,_spu_tsa,72,800191c0,000099c0
1.000,LIBSPU.LIB,SPU,_spu_mem_mode_unit,164,80019208,00009a08
1.000,LIBSPU.LIB,SPU,_spu_mem_mode_plus,60,800192ac,00009aac
1.000,LIBSPU.LIB,SPU,_spu_transferCallback,96,800192e8,00009ae8
1.000,LIBSPU.LIB,SPU,_spu_t,44,80019348,00009b48
1.000,LIBSPU.LIB,SPU,_spu_FsetPCR,44,80019374,00009b74
1.000,LIBSPU.LIB,SPU,_spu_FiDMA,96,800193a0,00009ba0
1.000,LIBSPU.LIB,S_Q,SpuQuit,124,80019448,00009c48
1.000,LIBSPU.LIB,S_M_INIT,SpuInitMalloc,84,800194c4,00009cc4
1.000,LIBSPU.LIB,S_M_M,SpuMalloc,712,80019518,00009d18
1.000,LIBSPU.LIB,S_M_INT,_spu_gcSPU,768,800197e0,00009fe0
1.000,LIBSPU.LIB,S_M_F,SpuFree,124,80019ae0,0000a2e0
1.000,LIBSPU.LIB,S_SNC,SpuSetNoiseClock,80,80019d88,0000a588
1.000,LIBSPU.LIB,S_R,SpuRead,96,80019dd8,0000a5d8
1.000,LIBSPU.LIB,S_W,SpuWrite,96,80019dd8,0000a5d8
1.000,LIBSPU.LIB,S_SR,SpuSetReverb,208,80019e38,0000a638
1.000,LIBSPU.LIB,S_M_UTIL,_SpuIsInAllocateArea_,268,80019f08,0000a708
1.000,LIBSPU.LIB,S_M_UTIL,_SpuIsInAllocateArea,140,80019f84,0000a784
1.000,LIBSPU.LIB,S_SRMP,SpuSetReverbModeParam,2528,8001a014,0000a814
1.000,LIBSPU.LIB,S_SRMP,@0x50c,1232,8001a520,0000ad20
1.000,LIBSPU.LIB,S_SRD,SpuSetReverbDepth,120,8001aa44,0000b244
1.000,LIBSPU.LIB,S_CRWA,SpuClearReverbWorkArea,412,8001aae0,0000b2e0
1.000,LIBSPU.LIB,S_RDD,SpuReadDecodedData,116,8001ac7c,0000b47c
1.000,LIBSPU.LIB,S_SK,SpuSetKey,516,8001acf0,0000b4f0
1.000,LIBSPU.LIB,S_R,SpuRead,96,8001af64,0000b764
1.000,LIBSPU.LIB,S_W,SpuWrite,96,8001af64,0000b764
1.000,LIBSPU.LIB,S_STSA,SpuSetTransferStartAddr,84,8001afc4,0000b7c4
1.000,LIBSPU.LIB,S_SCA,SpuSetCommonAttr,916,8001b094,0000b894
1.000,LIBSPU.LIB,S_SVV,SpuSetVoiceVolume,136,8001b428,0000bc28
1.000,LIBSPU.LIB,S_SVVA,SpuSetVoiceVolumeAttr,376,8001b4b0,0000bcb0
1.000,LIBSPU.LIB,S_SVP,SpuSetVoicePitch,124,8001b628,0000be28
1.000,LIBSPU.LIB,S_SVSA,SpuSetVoiceStartAddr,124,8001b6a4,0000bea4
0.966,LIBSPU.LIB,S_SVLSA,SpuSetVoiceLoopStartAddr,124,8001b6a4,0000bea4
1.000,LIBSPU.LIB,S_SVLSA,SpuSetVoiceLoopStartAddr,124,8001b720,0000bf20
0.966,LIBSPU.LIB,S_SVSA,SpuSetVoiceStartAddr,124,8001b720,0000bf20
1.000,LIBSPU.LIB,S_SVDR,SpuSetVoiceDR,140,8001b79c,0000bf9c
0.938,LIBSPU.LIB,S_SVAR,SpuSetVoiceAR,140,8001b79c,0000bf9c
0.935,LIBSPU.LIB,S_SVSL,SpuSetVoiceSL,136,8001b7a0,0000bfa0
1.000,LIBSPU.LIB,S_SVRR,SpuSetVoiceRR,136,8001b828,0000c028
0.903,LIBSPU.LIB,S_SVSL,SpuSetVoiceSL,136,8001b828,0000c028
0.906,LIBSPU.LIB,S_SVAR,SpuSetVoiceAR,140,8001b8ac,0000c0ac
0.906,LIBSPU.LIB,S_SVDR,SpuSetVoiceDR,140,8001b8ac,0000c0ac
1.000,LIBSPU.LIB,S_SVSL,SpuSetVoiceSL,136,8001b8b0,0000c0b0
0.903,LIBSPU.LIB,S_SVRR,SpuSetVoiceRR,136,8001b8b0,0000c0b0
1.000,LIBSPU.LIB,S_SVARA,SpuSetVoiceARAttr,156,8001b938,0000c138
0.938,LIBSPU.LIB,S_SVAR,SpuSetVoiceAR,140,8001b948,0000c148
0.903,LIBSPU.LIB,S_SVSL,SpuSetVoiceSL,136,8001b94c,0000c14c
1.000,LIBSPU.LIB,S_SVSRA,SpuSetVoiceSRAttr,228,8001b9d4,0000c1d4
1.000,LIBSPU.LIB,S_SVRRA,SpuSetVoiceRRAttr,164,8001bab8,0000c2b8
1.000,LIBGTE.LIB,GEO_00,rsin,56,8001bb5c,0000c35c
0.962,LIBGTE.LIB,GEO_00,sin_1,144,8001bb94,0000c394
1.000,LIBGTE.LIB,COR_05,csqrt,496,8001bcc8,0000c4c8
1.000,LIBGTE.LIB,COR_05,csqrt_1,156,8001be18,0000c618
0.929,LIBGTE.LIB,MSC00,InitGeom,132,8001beb0,0000c6b0
1.000,LIBGTE.LIB,MSC01,SquareRoot0,144,8001bf38,0000c738
1.000,LIBGTE.LIB,MSC02,InvSquareRoot,672,8001bfc8,0000c7c8
1.000,LIBGTE.LIB,MSC02,VectorNormalS,64,8001c050,0000c850
1.000,LIBGTE.LIB,MSC02,VectorNormalSS,48,8001c090,0000c890
1.000,LIBGTE.LIB,MSC02,MatrixNormal,188,8001c0c0,0000c8c0
1.000,LIBGTE.LIB,MSC02,@0x1b4,228,8001c17c,0000c97c
1.000,LIBGTE.LIB,MSC09,SquareRoot12,160,8001c268,0000ca68
1.000,LIBGTE.LIB,MTX_003,CompMatrix,352,8001c308,0000cb08
0.909,LIBGTE.LIB,MTX_09,SetRotMatrix,44,8001c308,0000cb08
1.000,LIBGTE.LIB,MTX_000,MulMatrix0,264,8001c468,0000cc68
0.909,LIBGTE.LIB,MTX_03,MulMatrix,264,8001c468,0000cc68
0.909,LIBGTE.LIB,MTX_04,MulMatrix2,264,8001c468,0000cc68
0.909,LIBGTE.LIB,MTX_09,SetRotMatrix,44,8001c468,0000cc68
1.000,LIBGTE.LIB,MTX_002,MulRotMatrix0,224,8001c574,0000cd74
1.000,LIBGTE.LIB,MTX_001,MulRotMatrix,228,8001c658,0000ce58
1.000,LIBGTE.LIB,MTX_00B,SetMulMatrix,272,8001c740,0000cf40
0.909,LIBGTE.LIB,MTX_09,SetRotMatrix,44,8001c740,0000cf40
1.000,LIBGTE.LIB,MTX_004,ApplyMatrixLV,352,8001c850,0000d050
0.909,LIBGTE.LIB,MTX_09,SetRotMatrix,44,8001c850,0000d050
0.922,LIBGTE.LIB,MTX_01,ApplyRotMatrixLV,308,8001c878,0000d078
1.000,LIBGTE.LIB,MTX_005,ApplyRotMatrix,48,8001c9b0,0000d1b0
1.000,LIBGTE.LIB,MTX_00A,ScaleMatrixL,288,8001c9e0,0000d1e0
1.000,LIBGTE.LIB,MTX_006,PushMatrix,320,8001cb04,0000d304
1.000,LIBGTE.LIB,MTX_006,PopMatrix,100,8001cb3c,0000d33c
1.000,LIBGTE.LIB,MTX_006,@0xd4,104,8001cbd8,0000d3d8
1.000,LIBGTE.LIB,MTX_009,ReadRotMatrix,68,8001cc44,0000d444
1.000,LIBGTE.LIB,MTX_007,ReadLightMatrix,68,8001cc8c,0000d48c
1.000,LIBGTE.LIB,MTX_008,ReadColorMatrix,80,8001ccd4,0000d4d4
1.000,LIBGTE.LIB,MTX_03,MulMatrix,272,8001cd28,0000d528
0.912,LIBGTE.LIB,MTX_000,MulMatrix0,272,8001cd28,0000d528
0.912,LIBGTE.LIB,MTX_04,MulMatrix2,272,8001cd28,0000d528
0.909,LIBGTE.LIB,MTX_09,SetRotMatrix,44,8001cd28,0000d528
1.000,LIBGTE.LIB,MTX_04,MulMatrix2,272,8001ce38,0000d638
0.912,LIBGTE.LIB,MTX_000,MulMatrix0,272,8001ce38,0000d638
0.912,LIBGTE.LIB,MTX_03,MulMatrix,272,8001ce38,0000d638
0.909,LIBGTE.LIB,MTX_09,SetRotMatrix,44,8001ce38,0000d638
1.000,LIBGTE.LIB,MTX_07,TransMatrix,48,8001cf48,0000d748
1.000,LIBGTE.LIB,MTX_08,ScaleMatrix,304,8001cf78,0000d778
1.000,LIBGTE.LIB,MTX_09,SetRotMatrix,48,8001d0a8,0000d8a8
1.000,LIBGTE.LIB,MTX_10,SetLightMatrix,48,8001d0d8,0000d8d8
1.000,LIBGTE.LIB,MTX_11,SetColorMatrix,48,8001d108,0000d908
1.000,LIBGTE.LIB,SMP_00,LightColor,528,8001d1d8,0000d9d8
1.000,LIBGTE.LIB,SMP_00,DpqColorLight,40,8001d1fc,0000d9fc
1.000,LIBGTE.LIB,SMP_00,DpqColor3,60,8001d224,0000da24
1.000,LIBGTE.LIB,SMP_00,Square12,40,8001d284,0000da84
1.000,LIBGTE.LIB,SMP_00,Square0,40,8001d2ac,0000daac
1.000,LIBGTE.LIB,SMP_00,OuterProduct12,88,8001d318,0000db18
1.000,LIBGTE.LIB,SMP_00,OuterProduct0,88,8001d370,0000db70
1.000,LIBGTE.LIB,SMP_01,RotTransSV,256,8001d3e8,0000dbe8
1.000,LIBGTE.LIB,SMP_01,SquareSS12,56,8001d414,0000dc14
1.000,LIBGTE.LIB,SMP_01,SquareSS0,56,8001d44c,0000dc4c
1.000,LIBGTE.LIB,SMP_01,SquareSL12,48,8001d484,0000dc84
1.000,LIBGTE.LIB,SMP_01,SquareSL0,48,8001d4b4,0000dcb4
1.000,LIBGTE.LIB,SMP_02,RotTransPers,48,8001d4e8,0000dce8
1.000,LIBGTE.LIB,SMP_03,RotTransPers3,96,8001d518,0000dd18
1.000,LIBGTE.LIB,SMP_04,RotTrans,48,8001d578,0000dd78
1.000,LIBGTE.LIB,CMB_00,RotTransPers4,128,8001d5d8,0000ddd8
1.000,LIBGTE.LIB,FGO_01,RotMatrix,656,8001d658,0000de58
1.000,LIBGTE.LIB,RATAN,ratan2,384,8001d8e8,0000e0e8
1.000,LIBGTE.LIB,PATCHGTE,_patch_gte,160,8001da68,0000e268
0.929,LIBCARD.LIB,END,_ExitCard,100,8001da68,0000e268
1.000,LIBGTE.LIB,PATCHGTE,@0x64,60,8001dacc,0000e2cc
1.000,LIBETC.LIB,PAD,PadIdentifier,160,8001db08,0000e308
1.000,LIBETC.LIB,VSYNC,Hcount,484,8001dba8,0000e3a8
1.000,LIBETC.LIB,VSYNC,VSync,156,8001dcec,0000e4ec
1.000,LIBETC.LIB,INTR,VSyncCallback,1808,8001dd8c,0000e58c
1.000,LIBETC.LIB,INTR,SetIntrMask,52,8001de18,0000e618
1.000,LIBETC.LIB,INTR,@0x194,220,8001df20,0000e720
1.000,LIBETC.LIB,INTR,@0x270,488,8001dffc,0000e7fc
1.000,LIBETC.LIB,INTR,@0x458,340,8001e1e4,0000e9e4
1.000,LIBETC.LIB,INTR,@0x5ac,172,8001e338,0000eb38
1.000,LIBETC.LIB,INTR,@0x658,136,8001e3e4,0000ebe4
1.000,LIBETC.LIB,INTR,@0x6e0,44,8001e46c,0000ec6c
1.000,LIBETC.LIB,INTR_VB,@0xf8,44,8001e46c,0000ec6c
0.909,LIBETC.LIB,INTR_DMA,@0x278,44,8001e46c,0000ec6c
1.000,LIBETC.LIB,INTR_VB,Vcount,296,8001e49c,0000ec9c
1.000,LIBETC.LIB,INTR_VB,startIntrVSync,120,8001e4f0,0000ecf0
1.000,LIBETC.LIB,INTR,@0x6e0,44,8001e594,0000ed94
1.000,LIBETC.LIB,INTR_VB,@0xf8,44,8001e594,0000ed94
0.909,LIBETC.LIB,INTR_DMA,@0x278,44,8001e594,0000ed94
1.000,LIBETC.LIB,INTR_DMA,startIntrDMA,680,8001e5c4,0000edc4
1.000,LIBETC.LIB,INTR_DMA,@0x4c,388,8001e610,0000ee10
1.000,LIBETC.LIB,INTR_DMA,@0x1d0,168,8001e794,0000ef94
1.000,LIBETC.LIB,INTR_DMA,@0x278,44,8001e83c,0000f03c
0.909,LIBETC.LIB,INTR,@0x6e0,44,8001e83c,0000f03c
0.909,LIBETC.LIB,INTR_VB,@0xf8,44,8001e83c,0000f03c
1.000,LIBCD.LIB,EVENT,CdInit,264,8001e8c4,0000f0c4
1.000,LIBCD.LIB,EVENT,@0x8c,40,8001e950,0000f150
1.000,LIBCD.LIB,EVENT,@0xb4,40,8001e978,0000f178
1.000,LIBCD.LIB,EVENT,@0xb4,40,8001e9a0,0000f1a0
1.000,LIBCD.LIB,SYS,CdComstr,1908,8001e9cc,0000f1cc
1.000,LIBCD.LIB,SYS,CdDataCallback,108,8001ea08,0000f208
1.000,LIBCD.LIB,SYS,CdReadyCallback,312,8001eb84,0000f384
1.000,LIBCD.LIB,SYS,CdReset,300,8001ecbc,0000f4bc
1.000,LIBCD.LIB,SYS,CdSetDebug,324,8001ede8,0000f5e8
1.000,LIBCD.LIB,SYS,CdControlF,260,8001efb8,0000f7b8
1.000,LIBCD.LIB,SYS,CdMix,128,8001f0bc,0000f8bc
1.000,LIBCD.LIB,BIOS,CD_cbsync,492,800202f4,00010af4
1.000,LIBCD.LIB,CDREAD,CdRead,1512,80020840,00011040
1.000,LIBCD.LIB,CDREAD,CdReadCallback,472,80020a60,00011260
1.000,LIBCD.LIB,CDREAD,CdReadSync,264,80020c38,00011438
1.000,LIBCD.LIB,CDREAD,@0x500,204,80020d40,00011540
1.000,LIBCD.LIB,CDREAD2,StMode,180,80020e28,00011628
1.000,LIBCD.LIB,C_003,Stframe_no,88,80020f3c,0001173c
1.000,LIBCD.LIB,C_004,Stframe_no,240,80020f94,00011794
1.000,LIBCD.LIB,C_004,StFinalSector,96,80021020,00011820
1.000,LIBCD.LIB,C_005,Stframe_no,136,80021084,00011884
1.000,LIBCD.LIB,C_007,Stframe_no,188,8002110c,0001190c
1.000,LIBCD.LIB,C_008,Stframe_no,64,800211c8,000119c8
1.000,LIBCD.LIB,C_009,Stframe_no,196,80021208,00011a08
1.000,LIBCD.LIB,C_011,Stframe_no,2912,800212ec,00011aec
1.000,LIBCD.LIB,C_011,StFinalSector,52,80021c58,00012458
1.000,LIBCD.LIB,C_011,StCdInterrupt,444,80021c8c,0001248c
1.000,LIBCD.LIB,C_015,Stframe_no,200,80021e4c,0001264c
1.000,LIBAPI.LIB,COUNTER,StopRCnt,376,80022114,00012914
1.000,LIBAPI.LIB,COUNTER,ResetRCnt,56,800221b0,000129b0
1.000,LIBAPI.LIB,COUNTER,StartRCnt,52,800221e8,000129e8
1.000,LIBAPI.LIB,COUNTER,GetRCnt,52,8002221c,00012a1c
1.000,LIBAPI.LIB,COUNTER,SetRCnt,56,80022250,00012a50
1.000,LIBC.LIB,SPRINTF,sprintf,2140,8002233c,00012b3c
1.000,LIBC2.LIB,SPRINTF,sprintf,2140,8002233c,00012b3c
1.000,LIBC.LIB,MEMMOVE,memmove,108,80022bb8,000133b8
1.000,LIBC2.LIB,MEMMOVE,memmove,108,80022bb8,000133b8
1.000,LIBGPU.LIB,EXT,LoadClut,712,80022c24,00013424
1.000,LIBGPU.LIB,EXT,LoadClut2,104,80022d0c,0001350c
1.000,LIBGPU.LIB,EXT,LoadTPage,104,80022d74,00013574
1.000,LIBGPU.LIB,EXT,SetDefDrawEnv,208,80022ddc,000135dc
1.000,LIBGPU.LIB,EXT,SetDefDispEnv,60,80022eac,000136ac
1.000,LIBGPU.LIB,FONT,FntFlush,2720,80022eec,000136ec
1.000,LIBGPU.LIB,FONT,FntPrint,164,80022f28,00013728
1.000,LIBGPU.LIB,FONT,Font,696,80022fcc,000137cc
1.000,LIBGPU.LIB,FONT,FntLoad,804,80023284,00013a84
1.000,LIBGPU.LIB,FONT,FntOpen,992,800235a8,00013da8
1.000,LIBGPU.LIB,PRIM,SetSprt8,196,8002398c,0001418c
1.000,LIBGPU.LIB,PRIM,SetTile16,208,80023a68,00014268
1.000,LIBGPU.LIB,PRIM,SetLineF2,64,80023b38,00014338
1.000,LIBGPU.LIB,PRIM,DumpClut,60,80023bb0,000143b0
1.000,LIBGPU.LIB,PRIM,SetLineG3,60,80023bec,000143ec
1.000,LIBGPU.LIB,PRIM,SetLineF4,36,80023c28,00014428
1.000,LIBGPU.LIB,PRIM,SetBlockFill,32,80023e08,00014608
1.000,LIBGPU.LIB,PRIM,SetPolyGT4,32,80023e28,00014628
1.000,LIBGPU.LIB,PRIM,AddPrim,32,80023e48,00014648
1.000,LIBGPU.LIB,PRIM,CatPrim,32,80023e68,00014668
0.976,LIBGPU.LIB,PRIM,SetTile,180,80023eb8,000146b8
1.000,LIBGPU.LIB,PRIM,GetTPage,384,80024008,00014808
1.000,LIBGPU.LIB,PRIM,SetTile8,172,80024188,00014988
1.000,LIBGPU.LIB,SYS,_qlog,276,8002438c,00014b8c
1.000,LIBGPU.LIB,SYS,SetDrawOffset,108,800244a0,00014ca0
1.000,LIBGPU.LIB,SYS,DrawOTagEnv,172,8002450c,00014d0c
1.000,LIBGPU.LIB,SYS,_qout,92,800245d8,00014dd8
1.000,LIBGPU.LIB,SYS,DrawSync,156,80024634,00014e34
1.000,LIBGPU.LIB,SYS,SetDrawArea,108,800246d0,00014ed0
1.000,LIBGPU.LIB,SYS,DrawSyncCallback,296,8002473c,00014f3c
1.000,LIBGPU.LIB,SYS,SetDrawMode,148,80024864,00015064
1.000,LIBGPU.LIB,SYS,ClearOTag,100,800248f8,000150f8
1.000,LIBGPU.LIB,SYS,LoadImage,100,8002495c,0001515c
1.000,LIBGPU.LIB,SYS,MoveImage,196,800249c0,000151c0
1.000,LIBGPU.LIB,SYS,SetPriority,184,80024a84,00015284
1.000,LIBGPU.LIB,SYS,ClearOTagR,152,80024b3c,0001533c
1.000,LIBGPU.LIB,SYS,_qin,96,80024bd4,000153d4
1.000,LIBGPU.LIB,SYS,_que,116,80024c34,00015434
1.000,LIBGPU.LIB,SYS,GetGraphType,196,80024ca8,000154a8
1.000,LIBGPU.LIB,SYS,ClearImage,220,80024d6c,0001556c
1.000,LIBGPU.LIB,SYS,SetTexWindow,56,80024e48,00015648
1.000,LIBGPU.LIB,SYS,GetDrawEnv,1200,80024e80,00015680
1.000,LIBGPU.LIB,SYS,GetDispEnv,56,80025330,00015b30
1.000,LIBGPU.LIB,SYS,GPU_printf,52,80025368,00015b68
1.000,LIBGPU.LIB,SYS,SetDrawEnv,60,8002539c,00015b9c
1.000,LIBGPU.LIB,SYS,StoreImage,132,800253d8,00015bd8
1.000,LIBGPU.LIB,SYS,PutDrawEnv,68,8002545c,00015c5c
1.000,LIBGPU.LIB,SYS,PutDispEnv,40,800254a0,00015ca0
1.000,LIBGPU.LIB,SYS,ResetGraph,88,800254c8,00015cc8
1.000,LIBGPU.LIB,SYS,GetODE,676,80025520,00015d20
1.000,LIBGPU.LIB,SYS,GetGraphDebug,92,800257c4,00015fc4
1.000,LIBGPU.LIB,SYS,DrawOTag,204,80025820,00016020
1.000,LIBGPU.LIB,SYS,SetGraphReverse,204,800258ec,000160ec
1.000,LIBGPU.LIB,SYS,ClearImage2,72,800259b8,000161b8
1.000,LIBGPU.LIB,SYS,@0x1868,132,80025a00,00016200
1.000,LIBGPU.LIB,SYS,@0x18ec,188,80025a84,00016284
1.000,LIBGPU.LIB,SYS,@0x19c0,232,80025b58,00016358
1.000,LIBGPU.LIB,SYS,@0x1d18,596,80025e58,00016658
1.000,LIBGPU.LIB,SYS,@0x1f6c,668,800260ac,000168ac
1.000,LIBGPU.LIB,SYS,@0x2244,80,80026384,00016b84
1.000,LIBGPU.LIB,SYS,@0x2310,36,80026450,00016c50
1.000,LIBGPU.LIB,SYS,@0x2334,740,80026474,00016c74
1.000,LIBGPU.LIB,SYS,@0x2618,764,80026758,00016f58
1.000,LIBGPU.LIB,SYS,@0x2a70,328,80026b90,00017390
1.000,LIBGPU.LIB,SYS,@0x2bec,364,80026d0c,0001750c
1.000,LIBGPU.LIB,SYS,@0x2d58,220,80026e78,00017678
1.000,LIBGPU.LIB,SYS,@0x2e34,44,80026f54,00017754
1.000,LIBGPU.LIB,TMD,ReadTMD,6044,80026fa4,000177a4
1.000,LIBGPU.LIB,TMD,ReadTIM,104,80026fb0,000177b0
1.000,LIBGPU.LIB,TMD,OpenTIM,684,80027058,00017858
1.000,LIBGPU.LIB,TMD,@0x360,288,80027304,00017b04
1.000,LIBGPU.LIB,TMD,@0x480,408,80027424,00017c24
1.000,LIBGPU.LIB,TMD,@0x618,4480,800275bc,00017dbc
1.000,LIBCARD.LIB,CARD,_card_clear,56,80028780,00018f80
1.000,LIBCARD.LIB,INIT,StartCARD,188,800287d8,00018fd8
1.000,LIBCARD.LIB,PATCH,_patch_card,416,800288c4,000190c4
1.000,LIBCARD.LIB,PATCH,_patch_card2,136,80028918,00019118
1.000,LIBCARD.LIB,PATCH,@0x10c,108,800289d0,000191d0
1.000,LIBCARD.LIB,END,_ExitCard,128,80028a64,00019264
0.929,LIBGTE.LIB,PATCHGTE,_patch_gte,100,80028a64,00019264
